Company,Review Date,Employee Position,Employee Location,Employee Status,Review Title,Employee Years at Company,Number of Helpful Votes,Pros Text,Cons Text,Advice to Management,Work/Life Balance,Culture & Values,Diversity & Inclusion,Career Opportunities,Compensation and Benefits,Senior Management,Review Stars,Overall Rating
Practo Technologies,30 May 2020, Area Manager,Bangalore,Current Employee ,"""Performance is the key to growth""",I have been working at Practo Technologies full-time for more than 3 years,Helpful,"Good incentive structure , good colleagues , dynamic senior management.",Fixed salary is low than the market standards,,5.0,5.0,,5.0,4.0,5.0,5.0,3.3
Practo Technologies,24 December 2020, Senior Data Analyst,Bangalore,Current Employee ,"""Good company with smart people""",I have been working at Practo Technologies full-time for more than a year,Helpful,Good and challengine work Great learning Good colleagues,Work life balance gets hit lot of time,,3.0,3.0,4.0,4.0,4.0,3.0,4.0,3.3
Practo Technologies,22 December 2020, Senior Finance and Data Analyst,Bangalore,Former Employee ,"""Good vibes and supportive""",I worked at Practo Technologies full-time for less than a year,Helpful,Organization is growing rapidly and much opportunities exists,A big work load and hard to get everything completed,,3.0,4.0,3.0,4.0,4.0,4.0,4.0,3.3
Practo Technologies,10 December 2020, Content Field Executive,Mumbai,Former Employee ,"""Good office culture""",I worked at Practo Technologies full-time for more than a year,Helpful,"Very comfartable atmosphere, amazing place to grow",I don't see any cons,,5.0,5.0,5.0,5.0,5.0,5.0,5.0,3.3
Practo Technologies,8 December 2020, Software Engineer I,Bangalore,Current Employee ,"""Nice and friendly place to work at""",I have been working at Practo Technologies full-time for more than a year,Helpful,Nice office and a really friendly atmosphere.,"Slow growth and lack of clarity in management, sometimes causes issues.",,4.0,4.0,5.0,3.0,3.0,4.0,4.0,3.3
Practo Technologies,16 December 2020, Senior Territory Sales Manager,Chennai,Current Employee ,"""A good place for a fresher to learn the market.""",I have been working at Practo Technologies full-time for more than 5 years,Helpful,Stressless job and here we can work free with our nature way of doing the job.,Don't expect growth and no recognition for the work you do. Only salary and incentives are for you,,1.0,4.0,3.0,1.0,3.0,1.0,3.0,3.3
Practo Technologies,2 December 2020, Health account manager,Bangalore,Current Employee ,"""It was a good experience""",I have been working at Practo Technologies full-time for more than a year,Helpful,"Good working environment, supportive management","Stagnant growth, less task exposure",Employee growth improvement,4.0,5.0,5.0,3.0,4.0,3.0,4.0,3.3
Practo Technologies,10 December 2020, Software Engineer,,Former Employee ,"""Lots of projects to work on""",I worked at Practo Technologies full-time,Helpful,Lots of projects to work on,The leader ship was poor,,,,,,,,3.0,3.3
Practo Technologies,25 November 2020, Anonymous Employee,,Former Employee ,"""Not bad""",I worked at Practo Technologies full-time,Helpful,Good culture and good management,None that I could find when I worked,,,,,,,,3.0,3.3
Practo Technologies,10 November 2020, Sales Associate,Bangalore,Current Employee ,"""good so far""",I have been working at Practo Technologies part-time,Helpful,"health workspace, great team to work with","nothing so far, 
need to wait for",,3.0,3.0,,3.0,3.0,3.0,3.0,3.3
Practo Technologies,27 October 2020, Senior Software Engineer,Bangalore,Former Employee ,"""Good place to start your career""",I worked at Practo Technologies full-time for more than 3 years,Helpful,"- Good management, The upper management is open to listening to ideas and addressing any concerns
- Lots of visibility, Flat Hierarchy
- Very friendly culture","- Poor Hikes
- 6 day working during the pandemic",,4.0,4.0,4.0,5.0,2.0,4.0,4.0,3.3
Practo Technologies,30 November 2020, Software Development Engineer In Test,Bangalore,Current Employee ,"""Bad place to wotk""",I have been working at Practo Technologies full-time,Helpful,"Nothing pros , always have to work under pressure",always have to work under pressure,,1.0,2.0,1.0,1.0,3.0,1.0,1.0,3.3
Practo Technologies,18 October 2020, Customer Success Specialist,Bangalore,Former Employee ,"""People's Company""",I worked at Practo Technologies full-time for more than a year,Helpful,"Open culture, open door policy.","None, it is a good company.",,4.0,5.0,5.0,4.0,4.0,5.0,4.0,3.3
Practo Technologies,27 October 2020, AIG,Hyderābād,Current Employee ,"""Good Experience Nice Package""",I have been working at Practo Technologies full-time for less than a year,Helpful,It is a very nice environment to work in the company.,Lots of Load and not great senior management.,,1.0,5.0,4.0,4.0,5.0,4.0,3.0,3.3
Practo Technologies,21 October 2020, Relationship Manager,Bangalore,Former Employee ,"""Nice company""",I worked at Practo Technologies full-time for more than 3 years,Helpful,"Good company to work , great things to learn","Still start up, job security, slow growth",,3.0,3.0,3.0,3.0,3.0,3.0,3.0,3.3
Practo Technologies,6 October 2020, Territory Manager,Bangalore,Former Employee ,"""Team management""",I worked at Practo Technologies full-time,Helpful,"incentives are really good
Flexible schedule","Lack of vision in senior team
Lack of long term planning",,,,,,,,4.0,3.3
Practo Technologies,3 October 2020, Assistant Manager,Bangalore,Current Employee ,"""Overall a good place""",I have been working at Practo Technologies full-time for more than 5 years,Helpful,"1. Great growth opportunities
2. Helpful people",1. Salaries should be at par to industry standards,,3.0,3.0,4.0,4.0,2.0,3.0,4.0,3.3
Practo Technologies,12 October 2020, Territory Sales Manager,Pune,Former Employee ,"""Good work culture except for Pune team""",I worked at Practo Technologies full-time for more than 3 years,Helpful,"Good experience, good understanding of the market in digital healthcare, good potential to grow","Politics in city level management in Pune.
Fixed component is low",Concentrate more in giving the services,5.0,5.0,4.0,3.0,3.0,3.0,3.0,3.3
Practo Technologies,12 October 2020, Product Specialist,Bangalore,Current Employee ,"""Good place to work if you're not in a customer facing role at Practo""",I have been working at Practo Technologies full-time,Helpful,"1. It is a growing company with clear future goals in Healthcare
2. Industry leader by far 
3. Strong presence and good word of mouth pan India","1. Management is nosy and amateur
2. Very limited growth prospects",,3.0,4.0,4.0,3.0,3.0,3.0,3.0,3.3
Practo Technologies,25 September 2020, Customer Success Manager,Bangalore,Former Employee ,"""Good place to work""",I worked at Practo Technologies full-time for more than a year,Helpful,Very good team and assistive managers,"No cons as such, all good",,,,,,,,5.0,3.3
Practo Technologies,29 October 2020, Frontend Developer,,Current Employee ,"""lot of politics""",I have been working at Practo Technologies full-time,Helpful,there are no pros to tell.,lot of cons to tell.,,1.0,1.0,1.0,1.0,1.0,1.0,1.0,3.3
Practo Technologies,2 October 2020, Territory Sales Manager,Bangalore,Former Employee ,"""Good company with very little empathy towards employees""",I worked at Practo Technologies full-time,Helpful,Work culture is good. Young people like minded people,"Salary - different from ctc
Targets - unreasonable
Employee engagement is low",,3.0,4.0,4.0,1.0,1.0,3.0,2.0,3.3
Practo Technologies,29 September 2020, Sales Executive,Mumbai,Former Employee ,"""Purely target driven culture""",I worked at Practo Technologies full-time for more than a year,Helpful (1),Flexibility to organize your own sales day,"Purely target driven, no emphasis on employee growth or learning",-,1.0,2.0,,3.0,3.0,2.0,2.0,3.3
Practo Technologies,27 September 2020, Senior Implementation Specialist,Bangalore,Current Employee ,"""Good company to work""",I have been working at Practo Technologies full-time for more than 5 years,Helpful,Will be able to work a lot and learn new thingd,"Partiallity by managers
Getting work done by only who does lot of work.",Nil,1.0,3.0,,3.0,2.0,3.0,3.0,3.3
Practo Technologies,17 October 2020, Senior Territory Sales Manager,Hyderābād,Former Employee ,"""Bringing their own downfall""",I worked at Practo Technologies full-time for more than a year,Helpful,None - a very bad place to work,It is all about a good idea being killed by greedy sales guys,"Replace the AZMs,ASMs and other sales guy that you hired cheap when u started this organization and hire some decent fellows. The older guys in the system are not good managers. They are vultures whogive zero Fs about this company",1.0,1.0,1.0,1.0,1.0,1.0,1.0,3.3
Practo Technologies,6 September 2020, Business Manager,,Current Employee ,"""Key Performance Indicators for Customer Service.""",I have been working at Practo Technologies full-time for more than 3 years,Helpful,One of the best work culture and Value for Employee,Growth opportunities were on hold due to an increase in the hierarchy .,,4.0,5.0,,3.0,3.0,2.0,4.0,3.3
Practo Technologies,4 September 2020, Anonymous Employee,,Current Employee ,"""Good career builder""",I have been working at Practo Technologies full-time,Helpful,Good place for career development,Nothing as such which is identical to this company,,3.0,4.0,,4.0,4.0,3.0,4.0,3.3
Practo Technologies,11 September 2020, Product Support Specialist,Bangalore,Current Employee ,"""good""",I have been working at Practo Technologies full-time,Helpful,good workplace as if now,friendly environment for the employee,should work in management,3.0,3.0,,3.0,3.0,3.0,3.0,3.3
Practo Technologies,9 September 2020, Senior Manager,,Current Employee ,"""Great learning opportunity""",I have been working at Practo Technologies full-time,Helpful,"motivating , Great growth plan",Saturday working which is recently started,,3.0,3.0,,3.0,3.0,3.0,3.0,3.3
Practo Technologies,25 September 2020, Sales Associate,Bangalore,Current Employee ,"""Office Culture""",I have been working at Practo Technologies full-time for more than 3 years,Helpful,- Just the first few months are good,"- Too many loopholes in the product
- Internal conflict
- Office politics 
- Lot of pressure 
- No value for employees 
- 6 days working
- Amateur managers","Focus on quality instead of profits, it will automatically follow",1.0,,,1.0,1.0,,1.0,3.3
Practo Technologies,3 September 2020, Territory Sales Manager,Mumbai,Former Employee ,"""Nice Company to Work""",I worked at Practo Technologies full-time for more than a year,Helpful,Salary on time. Company gives you freedom at work.,Target pressure too high. Targets are given without looking at the territory given.,Reduce target pressure.,3.0,2.0,,3.0,3.0,2.0,3.0,3.3
Practo Technologies,2 September 2020, Senior Software Engineer,Bangalore,Former Employee ,"""Good place to work for""",I worked at Practo Technologies full-time for more than 3 years,Helpful,"Good tech team, engineering quality is at par with the top companies",Too much focus on money making shortcut,,2.0,3.0,,3.0,4.0,3.0,3.0,3.3
Practo Technologies,31 August 2020, Anonymous Employee,,Current Employee ,"""Fast Growing company with good growth in terms of learnings""",I have been working at Practo Technologies full-time for less than a year,Helpful,Fast Growing company with good growth in terms of learnings,Not sure about salary growth,,2.0,4.0,,4.0,3.0,4.0,3.0,3.3
Practo Technologies,11 August 2020, Voice and Non Voice Process,Bangalore,Current Employee ,"""Practo""",I have been working at Practo Technologies full-time,Helpful,"Good environment,great staff, overall it was fyn working there","small space,partiality,no growth,less salary, no management",,4.0,5.0,,2.0,2.0,2.0,4.0,3.3
Practo Technologies,7 September 2020, Software Engineer,Bangalore,Current Employee ,"""Do not join if you're joining insta""",I have been working at Practo Technologies full-time for more than a year,Helpful (1),Haven't found any Pro till now.,"Things are bad. Really bad.
There's barely any new development.
You'll be hired as a software dev, and will be put on as a support Engineer (they won't say it loud though)
Things are pretty chaotic.",Be serious.,1.0,3.0,,2.0,1.0,1.0,1.0,3.3
Practo Technologies,31 July 2020, Executive Team Leader,Bangalore,Current Employee ,"""Team Lead""",I have been working at Practo Technologies full-time for less than a year,Helpful,Very good environment to work and Support from higher managerment,According to me there are no negatives about the organization.,,4.0,4.0,,4.0,4.0,4.0,4.0,3.3
Practo Technologies,8 August 2020, Territory Sales Manager,Mumbai,Former Employee ,"""My experience at Practo""",I worked at Practo Technologies full-time for more than a year,Helpful,Opportunity to earn good incentives,Management issues. Decisions not taken as per the dynamic market situations.,"Kindly restructurize the sales vertical, and make it more streamlined.",2.0,2.0,,2.0,3.0,2.0,3.0,3.3
Practo Technologies,4 August 2020, Sales Manager,Bangalore,Current Employee ,"""Sales""",I have been working at Practo Technologies full-time,Helpful,"Good vision and poor execution,","Not focussed enough, sales is not enabled",,,,,,,,3.0,3.3
Practo Technologies,9 July 2020, Territory Sales Manager,Bangalore,Former Employee ,"""poor work culture""",I worked at Practo Technologies full-time,Helpful,the office building and the office refreshments,"everything, pay, and compensation , delayed appraisal",,1.0,1.0,,2.0,1.0,1.0,1.0,3.3
Practo Technologies,26 May 2020, QA Engineer,,Former Employee ,"""Awesome place to start your career as QA""",I worked at Practo Technologies full-time,Helpful (1),"Friendly work environment.
New things/business/QA technologies to learn.",Stability as a business unit,,,,,,,,4.0,3.3
Practo Technologies,14 May 2020, Engineer Manager,Bangalore,Former Employee ,"""Great company, great people""",I worked at Practo Technologies full-time for more than 5 years,Helpful,"Great engineers
Near absent hierarchy
Open office culture
Approach anyone for any help
Work life balance
Great office space","Learning is less compared to competition
Lack of good Product managers",None,4.0,4.0,,4.0,4.0,4.0,4.0,3.3
Practo Technologies,12 May 2020, Senior Business Analyst,,Former Employee ,"""Used to be an amazing place to work""",I worked at Practo Technologies full-time,Helpful,"Lots of exposure to learning, free and open interaction with leadership and good growth opportunities",No long term vision for business,,2.0,3.0,,4.0,4.0,2.0,4.0,3.3
Practo Technologies,4 May 2020, Product Manager,Bangalore,Current Employee ,"""Good place to learn Product""",I have been working at Practo Technologies full-time for more than a year,Helpful,"Great people to work with 
Good vision",Poor growth and slow pace of work,,,,,,,,4.0,3.3
Practo Technologies,21 April 2020, Area Manager,Bangalore,Former Employee ,"""Good company to learn and grow""",I worked at Practo Technologies full-time for more than 3 years,Helpful,good company to work with,nothing much to say everything is cool,,3.0,4.0,,4.0,4.0,3.0,4.0,3.3
Practo Technologies,10 April 2020, Senior Software Engineer,Bangalore,Former Employee ,"""Good company if you want to grow technically.""",I worked at Practo Technologies full-time for more than a year,Helpful,Good exposure to different technical challenges..,"Too much work. If you are a family person then worklife balance would be tough to maintain. Felt bit chaotic in terms of rols and team structure.its all about your work. No team structure, feedback promotion etc.. So learn and move on, if this is your agenda, surely practo is a place to work in.",,1.0,2.0,,4.0,5.0,3.0,3.0,3.3
Practo Technologies,24 February 2020, Senior Territory Sales Manager,Bangalore,Current Employee ,"""Great learning experience""",I have been working at Practo Technologies full-time for more than a year,Helpful,"- friendly management
- high quality work life balance","- Difficult market to sell
- saturated market conditions",,4.0,5.0,,5.0,4.0,5.0,5.0,3.3
Practo Technologies,13 February 2020, Anonymous Employee,,Current Employee ,"""Great place""",I have been working at Practo Technologies full-time for more than 3 years,Helpful,"Good place to work, good startup and great work culture","cons are not there, practo is good",,5.0,5.0,,4.0,,5.0,5.0,3.3
Practo Technologies,11 February 2020, Software Architect,Bangalore,Former Employee ,"""Amazing work culture""",I worked at Practo Technologies full-time for more than 3 years,Helpful,"Lots of good technical people around.
Lots of challenges to be solved in healthcare.
Extremely good work life balance.
Good compensation and benefits.",Roadmap planning can be done for longer duration.,None,5.0,5.0,,5.0,4.0,5.0,5.0,3.3
Practo Technologies,11 February 2020, Senior Central Account Manager,Bangalore,Current Employee ,"""5+ Years of experience in Key account manager Sales/operations""",I have been working at Practo Technologies full-time for more than 3 years,Helpful,"Learning
Growth
Work environment
easy learn
work timings","Not much growth,
Hick is not good",,4.0,5.0,,4.0,4.0,3.0,5.0,3.3
Practo Technologies,10 February 2020, Software Engineer,,Current Employee ,"""good experience""",I have been working at Practo Technologies full-time,Helpful,"Good environemnt,Good tech stack. Good people to work around",no as such. salary a bit low,,4.0,,,4.0,4.0,4.0,4.0,3.3
Practo Technologies,5 February 2020, Anonymous Employee,,Current Employee ,"""Work culture""",I have been working at Practo Technologies full-time,Helpful,Good work environment and of someone is working hard there is scope,No cons faced by me,,,,,,,,4.0,3.3
Practo Technologies,23 January 2020, Anonymous Employee,Bangalore,Current Employee ,"""The work culture is very chilled..Managers are very supportive""",I have been working at Practo Technologies full-time for less than a year,Helpful,Yo gotta experience the vibe that practo illuminates,I dont think there exists one,,5.0,5.0,,5.0,4.0,5.0,5.0,3.3
Practo Technologies,17 January 2020, Sales Manager,,Former Employee ,"""Best place to work!""",I worked at Practo Technologies full-time for more than 3 years,Helpful,"Young and energetic workforce.
Like minded, aggressive sales leaders.
Support from HO.
Less interference from senior leadership.","Since it's healthcare focused, no worklife balance. 
No cons as such, but as a startup, please do not expect a big office.",,4.0,4.0,,5.0,5.0,5.0,5.0,3.3
Practo Technologies,17 January 2020, Anonymous Employee,,Former Employee ,"""Company environment""",I worked at Practo Technologies full-time,Helpful,"Good place to work, nice environment","No scope for growth, other than that everything is fine",,,,,,,,4.0,3.3
Practo Technologies,20 February 2020, Senior Territory Account Manager,New Delhi,Former Employee ,"""Not employee friendly""",I worked at Practo Technologies full-time for more than 3 years,Helpful (2),You will be at ease if you are a manager who is getting reporting from a team,"You will work hard to get nothing. 
Totally favourism followed. 
They will wish to make you work for free. 
They will treat like giving you salary as you need it.
Totally career waste with no profits and only losses.","Please improve your line managers. 
They think they are going to get pension scheme associated. 
They just do what they want to and do not uplift any person and do not do any grooming.",2.0,2.0,,2.0,1.0,1.0,1.0,3.3
Practo Technologies,27 January 2020, Assistant Manager,Bangalore,Former Employee ,"""Great office environment""",I worked at Practo Technologies full-time for more than 3 years,Helpful,"1. Great office culture
2. Team Environment
3. Work life balance","1. Slow growth
2. Not much challenges",Please have long term strategies instead of changing every 3 months.,5.0,5.0,,3.0,3.0,3.0,3.0,3.3
Practo Technologies,9 January 2020, Senior Engagement Manager,New Delhi,Former Employee ,"""Not a good place to work!""",I worked at Practo Technologies full-time for more than a year,Helpful (1),Not much there is which is good. Maybe getting into other healthcare startups becomes easy.,Company doesn't know what they want to do. Shashank doesn't know how to run the company. They have destroyed the value they created.,Listen to the market not yourself.,4.0,1.0,,2.0,3.0,1.0,2.0,3.3
Practo Technologies,25 December 2019, Anonymous Employee,,Former Employee ,"""-""",I worked at Practo Technologies full-time,Helpful,Awesome place to learn,no as such Awesome place to work,no as such,5.0,5.0,,5.0,5.0,5.0,5.0,3.3
Practo Technologies,2 December 2019, Sales Manager,,Former Employee ,"""Amazing people, amazing minds""",I worked at Practo Technologies full-time for more than a year,Helpful,Self Starter kind of atmosphere,"Some people up the hierarchy are little annoying because they are there since starting.
2010 to 2019 a lot has changed, my friend",,5.0,5.0,,5.0,5.0,4.0,5.0,3.3
Practo Technologies,10 December 2019, Anonymous Employee,,Former Employee ,"""Okay place to work""",I worked at Practo Technologies full-time,Helpful,Good incentive structures in the company,lack of growth opportunities in the company,nil,3.0,3.0,,2.0,2.0,2.0,3.0,3.3
Practo Technologies,9 December 2019, Anonymous Employee,,Current Employee ,"""Fast paced Startup""",I have been working at Practo Technologies full-time,Helpful,Fast paced startup environment with fairly good autonomy,Lack of structure in working style,,,,,,,,3.0,3.3
Practo Technologies,26 November 2019, Assistant Area Manager,New Delhi,Former Employee ,"""Too much Politics""",I worked at Practo Technologies full-time for more than 5 years,Helpful,Friendly work culture. Delhi Sales team is the best team so far and i had a good time with all.,"too much politics
Top managment dont care about sales employees leaving continuously. they believe in cost cutting",Think about your sales people as they are the front end people who introduce company in front of clients.,1.0,2.0,,1.0,3.0,1.0,2.0,3.3
Practo Technologies,15 November 2019, Anonymous Employee,,Former Employee ,"""Good work environment""",I worked at Practo Technologies full-time,Helpful,"Friendly atmosphere
Flexible timings
Relatively flat hierarchy","Leadership is kinda lost when it comes to direction of certain projects.
Pay is not really normalized for everyone.",,3.0,4.0,,4.0,3.0,3.0,3.0,3.3
Practo Technologies,1 December 2019, Anonymous Employee,Bangalore,Current Employee ,"""Pathetic old startup.""",I have been working at Practo Technologies full-time,Helpful,"Couldn't find any, except weekends.",Juvenile management leads to juvenile work. Brings down the collective intelligence of others.,Remain the same to disappear.,1.0,1.0,,1.0,1.0,1.0,1.0,3.3
Practo Technologies,18 October 2019, Senior Software Development Engineer,Bangalore,Current Employee ,"""Senior Software Engineer""",I have been working at Practo Technologies full-time for more than 3 years,Helpful (2),"- Great place to work at
- Full ownership of work, Can question anyone even CTO if not convinced the project execution,
- Open Culture not fixed timings.
- Now shifted to wework office. Awesome place to work at.","- Not payed equivalent to swiggy, flipkart.",- More discipline in following appraisal timelines.,5.0,5.0,,5.0,3.0,5.0,5.0,3.3
Practo Technologies,26 November 2019,,,,"""Worst Company for your career. Firing can be anytime.""",I worked at Practo Technologies,Helpful,Good incentive structure but that also compromised as the company want to go for profitability.,"1. Hr policy is good for nothing they are not employee friendly. When you call HR she is always busy in meetings no call back. 

2. Company is now looking to fire experienced employee & wants to hire engg freshers at lower cost for which they set unrealistic target & lower the increment & incentive for which the people actually works for Practo.

3. Lots of politics, they do promote you bcoz of your previous achievements but they don’t change the scale instead they said company don’t have that Budget which clearly states they don’t want to retain old employees.

4. Create lots of pressure to achieve your target.

5. Freshers if you seriously wants to have a good career don’t join this organisation, they cab fire you at anytime. For better clarity atleast have word with the current employee.",Trust your employee who gave you so many years and build a brand Practo.,1.0,1.0,,1.0,1.0,1.0,1.0,3.3
Practo Technologies,3 November 2019, Anonymous Employee,,Current Employee ,"""Good for freshers""",I have been working at Practo Technologies full-time,Helpful,"Opportunity to work with some very talented people
Flexible timings","Nothing is done for the employees
The management is running behind money","Take care of your employees, they don't feel secure in your company",4.0,2.0,,3.0,3.0,3.0,3.0,3.3
Practo Technologies,18 October 2019, Anonymous Employee,,Current Employee ,"""SDET""",I have been working at Practo Technologies full-time,Helpful,Good place to learn and grow,More planning and grooming required.,,4.0,4.0,,4.0,4.0,3.0,4.0,3.3
Practo Technologies,28 October 2019, Anonymous Employee,Chennai,Former Employee ,"""Best Startup to work for""",I worked at Practo Technologies full-time for more than a year,Helpful,"Awesome Product which is useful for Doctors.
Good Salary for newly graduated people like me.
Great Commission structure.","Total disconnect between Head Office and Offices at other locations.
If you can be on your managers good books then you can survive.",There should be HR at every office location. Territory Sales Manager are treated poorly by their respective Managers.,4.0,2.0,,4.0,4.0,1.0,3.0,3.3
Practo Technologies,11 October 2019, AREA SALES MANAGER,,Former Employee ,"""Area Sales Manager""",I worked at Practo Technologies full-time,Helpful,"Flexible work hours
Good salary
Great opportunities","Lot of my colleagues back in India didnt like the company since they were a part of heavy lay offs. But for me, I had none.",,4.0,4.0,,4.0,4.0,4.0,4.0,3.3
Practo Technologies,11 October 2019, Anonymous Employee,,Former Employee ,"""Territory Account Manager""",I worked at Practo Technologies full-time,Helpful,"- Work Counts
- Good place if you work hard
- Timely Payments
- Expect growth if you know how to play your cards.","- No Job Security.
- More importance to diplomacy than actual work.
- No more innovation in Product.
- Move to corporate culture too fast, should have stayed in dynamic start-up phase.",,3.0,4.0,,3.0,4.0,3.0,4.0,3.3
Practo Technologies,21 October 2019, Software Engineer,Bangalore,Former Employee ,"""Still an unsecured startup""",I worked at Practo Technologies full-time for more than a year,Helpful (1),"Work life balance is there, sort of.
Chance to learn more, specially about entire build process.","Any time they start struggling, they start fire there employees.
Over hire, over fire; management don't know what to do.
If they are giving you a good package, go join but don't stay here for long.",,3.0,1.0,,3.0,3.0,1.0,3.0,3.3
Practo Technologies,9 October 2019, Anonymous Employee,,Current Employee ,"""Amazing place to be in""",I have been working at Practo Technologies full-time,Helpful,"Work life balance
Flat hierarchy
Very vibrant",None that I can see. It has been great.,Keep it up,5.0,5.0,,5.0,5.0,4.0,5.0,3.3
Practo Technologies,8 October 2019, Anonymous Employee,,Former Employee ,"""Amazing workplace""",I worked at Practo Technologies full-time,Helpful,Great working environment and support,Can't think of any. Honestly,,4.0,,,3.0,3.0,3.0,4.0,3.3
Practo Technologies,23 September 2019, Anonymous Employee,Bangalore,Current Employee ,"""Direct Sales""",I have been working at Practo Technologies full-time for more than 5 years,Helpful,"1. People are approachable 
2. Management is helpful
3. Practo pays well
4. The best Incentive structure in the industry",1. Need Leaders to sail through,,3.0,4.0,,4.0,4.0,3.0,4.0,3.3
Practo Technologies,3 October 2019, QA Engineer,Bangalore,Former Employee ,"""It was a good experience.""",I worked at Practo Technologies full-time for more than 5 years,Helpful,Continuous development and thus a lot of work.,High pressure of delivery and thus it can take quite a load,Value every individual,4.0,3.0,,3.0,2.0,2.0,3.0,3.3
Practo Technologies,16 September 2019, Anonymous Employee,,Current Employee ,"""good learning but stressful targets""",I have been working at Practo Technologies full-time,Helpful,good networks . good work culture,"high targets 
low incentives",,4.0,4.0,,4.0,3.0,4.0,4.0,3.3
Practo Technologies,5 September 2019, Territory Sales Manager,,Former Employee ,"""Overall good experience at Practo""",I worked at Practo Technologies full-time,Helpful,Incentives are good for a fresher,No cons as of now,,3.0,3.0,,3.0,3.0,3.0,4.0,3.3
Practo Technologies,4 September 2019, Senior Territory Sales Manager,Chennai,Former Employee ,"""Sales manager""",I worked at Practo Technologies full-time for more than a year,Helpful,"Good management and work culture 
pay structure of practo is nice.
Incentives are very attractive.
Good platform for Freshers 
Promising career growth if you outperform.","Target pressure. They keep increasing target every quarter. 
Job is not secure unless you meet your target every month.",Give employees time to breathe.,2.0,3.0,,4.0,4.0,3.0,4.0,3.3
Practo Technologies,3 September 2019, Anonymous Employee,,Current Employee ,"""Great Learning Horizon""",I have been working at Practo Technologies full-time for more than 5 years,Helpful,Numerous opportunities in every sense,None none none none none,"Girls are equally capable, trust them. Its not that if they have dual responsibilities of their family and profession then they will compromise on any. Trust us!",5.0,4.0,,5.0,5.0,5.0,5.0,3.3
Practo Technologies,30 May 2020, Area Manager,Bangalore,Current Employee ,"""Performance is the key to growth""",I have been working at Practo Technologies full-time for more than 3 years,Helpful,"Good incentive structure , good colleagues , dynamic senior management.",Fixed salary is low than the market standards,,5.0,5.0,,5.0,4.0,5.0,5.0,3.3
Practo Technologies,24 December 2020, Senior Data Analyst,Bangalore,Current Employee ,"""Good company with smart people""",I have been working at Practo Technologies full-time for more than a year,Helpful,"Good and challengine work
Great learning 
Good colleagues",Work life balance gets hit lot of time,Bring more processes to teams for functioning.,3.0,3.0,4.0,4.0,4.0,3.0,4.0,3.3
Practo Technologies,22 December 2020, Senior Finance and Data Analyst,Bangalore,Former Employee ,"""Good vibes and supportive""",I worked at Practo Technologies full-time for less than a year,Helpful,Organization is growing rapidly and much opportunities exists,A big work load and hard to get everything completed,NA,3.0,4.0,3.0,4.0,4.0,4.0,4.0,3.3
Hilton,, Front Office Manager,,Former Employee ,"""Great Organization""",I worked at Hilton full-time,Helpful (2),Great team environment and opportunities for advancement.,"If not working for a corporate owned or managed property, you will be subject to owners that may not invest in the property in a way that would help the guest and employee experience.",,5.0,5.0,,5.0,4.0,5.0,5.0,4.2
Hilton,22 November 2020, Security Officer,Bangalore Rural,Current Employee ,"""Working as Security and Safety executive""",I have been working at Hilton full-time,Helpful,"I am working as a security and safety executive at Conrad Bengaluru, hotel by Hilton. it is a very friendly environment for working and high standard hospitality service for staff and to the guests .",Yes you have to work on all shifts in a day as per requirement.,oks,2.0,4.0,4.0,4.0,4.0,2.0,5.0,4.2
Hilton,15 November 2020, Hair Dresser/Stylist/Barber,Pune,Current Employee ,"""Great Compony""",I have been working at Hilton full-time,Helpful,"I Started work with hilton 2017 
i learn alot of about luxury standrad in hotel industury 
 thankyou so much",Learnt So Much From This Compony,,4.0,4.0,4.0,5.0,5.0,4.0,5.0,4.2
Hilton,7 November 2020, Account Manager,"Gurgaon, Haryana",Former Employee ,"""One of the best places to work""",I worked at Hilton full-time for more than a year,Helpful,Overall work culture and environment is healthy.,Growing within India hence very few hotels currently operating.,,,,,,,,5.0,4.2
Hilton,2 November 2020, Admistration,Chennai,Current Employee ,"""Great place to learn""",I have been working at Hilton full-time for more than a year,Helpful,"Learning opportunities
Career growth
Management
Friendly work culture","Poor Salary
Employment benefits not great
Hard to manage work-life balance",,2.0,5.0,5.0,5.0,2.0,5.0,3.0,4.2
Hilton,12 October 2020, Human Resources Coordinator (HR Coordinator),Bangalore,Current Employee ,"""Human Resources""",I have been working at Hilton full-time,Helpful,prove · proud · proof · probe · proxy · prone,"The One
The Right to vote
The Place to be
The Prefect World
The Reason Why",Great Value Company,5.0,5.0,5.0,5.0,5.0,5.0,5.0,4.2
Hilton,23 October 2020, Executive Assistant,Mumbai,Current Employee ,"""Great place to work""",I have been working at Hilton full-time for more than a year,Helpful,Good place to work there,Nothing as such all is good,Nothing,5.0,4.0,4.0,4.0,4.0,2.0,4.0,4.2
Hilton,18 September 2020, F/B Executive,Bangalore Rural,Former Employee ,"""Review""",I worked at Hilton full-time for more than 3 years,Helpful,The team was best ever,I didn't like the management,Specially in Hilton Bangalore embassy golf links they used to force me and my team to work more than 12 to 18 hours every day and they were not paying anything extra for over time which is totally wrong and a crime.,1.0,3.0,,3.0,1.0,1.0,4.0,4.2
Hilton,12 September 2020, Assistant Manager ,Pune,Former Employee ,"""Conrad Pune- luxury""",I worked at Hilton full-time for less than a year,Helpful,"Great work ethic
Staff engagement 
Best coach from the industry",12 hours of work minimum,,4.0,5.0,,5.0,4.0,4.0,4.0,4.2
Hilton,6 September 2020, Commi Chef,"Jaipur, Rajasthan",Current Employee ,"""Good company to work in""",I have been working at Hilton full-time,Helpful (1),Great experience to work in,Too hectic at times really,,,,,,,,4.0,4.2
Hilton,17 August 2020, Business Development Associate,Bangalore,Current Employee ,"""One of the best companies to work with""",I have been working at Hilton full-time for more than a year,Helpful,Management is super friendly and is always ready to guide you through.,lack of transparency in decisions taken.,I would recommend managament to focus more on employee trainings.,4.0,5.0,,4.0,4.0,4.0,4.0,4.2
Hilton,29 July 2020, Restaurant Manager,Bangalore,Current Employee ,"""Goods""",I have been working at Hilton full-time,Helpful,Amazing place to work with,Nothing bad about this company,Superb comonay,5.0,5.0,,5.0,5.0,5.0,5.0,4.2
Hilton,18 June 2020, H R Business Partner,Bangalore,Current Employee ,"""Great place to work""",I have been working at Hilton full-time,Helpful,all good no complaints to mention,nothing good place to work,,,,,,,,5.0,4.2
Hilton,9 February 2020, Guest Service Agent,Bangalore,Current Employee ,"""A Good place to work for all!""",I have been working at Hilton full-time for less than a year,Helpful,"Environment, Culture, Benefits , great place to learn!",None till I left Working!,,2.0,5.0,,4.0,4.0,4.0,5.0,4.2
Hilton,30 January 2020, Sales Manager,Pune,Former Employee ,"""Nice place to work""",I worked at Hilton full-time for less than a year,Helpful,"Good Learning
Good Management
Good Team
All other things are good",Salary is Less and training also,Please work on Salary,3.0,4.0,,4.0,3.0,4.0,4.0,4.2
Hilton,30 January 2020,,,,"""Hilton management trainee""",I worked at Hilton,Helpful,"The interview was good it was a smooth process ,first was the campus round where I got selected it was just an extempore then the second round was at hotel it was about group discussion, personal interview. Then there is an SHL TEST (logical reasoning)
That's it the HR and department heads were really humble",I didn't got a call back after SHL round and there was no mail or any contact from them about the results,,4.0,5.0,,4.0,3.0,3.0,2.0,4.2
Hilton,14 January 2020, Assistant Front Office Manager,Bangalore,Current Employee ,"""Assistant Front Office Manager""",I have been working at Hilton full-time for more than 3 years,Helpful,"Learning Development, Brand Exposure, Team Effort, Innovative, Global Perspective","Mobility, Remuneration, Development, Work Life Balance, Boss Management",,1.0,2.0,,3.0,3.0,1.0,5.0,4.2
Hilton,2 January 2020, Anonymous Employee,,Current Employee ,"""Cluster revenue manager""",I have been working at Hilton full-time,Helpful,Flexibility and changes of growth in the company,Nothing so far that have come across,,,,,,,,4.0,4.2
Hilton,8 December 2019, Guest Services Agent,Pune,Former Employee ,"""Perfect stepping stone into hospitality""",I worked at Hilton full-time for more than a year,Helpful,"Work environment, team building, potential oriented",None experienced during entire tenure,,3.0,5.0,,5.0,5.0,4.0,5.0,4.2
Hilton,30 November 2019, F and B Agent,Bangalore,Current Employee ,"""EXECELLENT""",I have been working at Hilton full-time for more than a year,Helpful,Its a such a good place to work with good leaders and good team members,there is no downside of this company,,4.0,5.0,,5.0,5.0,5.0,5.0,4.2
Hilton,11 November 2019, Anonymous Employee,,Former Employee ,"""Great Culture and Vision""",I worked at Hilton full-time,Helpful,"Fantastic CEO and work culture that motivates you to be the best you can be. The company cares for its team members and is focused on ongoing training, development and providing work-life balance.",Needs to empower junior team members more.,,5.0,5.0,,5.0,5.0,4.0,5.0,4.2
Hilton,18 November 2019, Anonymous Employee,Chennai,Current Employee ,"""Commercial Director""",I have been working at Hilton full-time for more than 3 years,Helpful,It has advance tools superior to competition help you make sound business decisions,Doesnt have large presence in India at the moment,,3.0,3.0,,4.0,4.0,3.0,4.0,4.2
Hilton,24 October 2019, Hotel Operations and Management,Chennai,Current Employee ,"""great place to work and a great team members""",I have been working at Hilton full-time for more than 3 years,Helpful,Hilton Actually operates number different brands.so I interest to work on Hilton,Hilton Encourage team members to thrive right work life balance,"Have your Executive Committee become more involved with the employees and the reality of the hotel business. They have been in their own private club for a long time, maybe new faces will bring new ideas, making it better than it already is. Knowing your people is always the best way to improve.
Answered",5.0,5.0,,4.0,4.0,4.0,5.0,4.2
Hilton,21 October 2019, Assistant Manager,Bangalore,Current Employee ,"""Assistant Manager HR""",I have been working at Hilton full-time for more than a year,Helpful,Employee Focused and Growing in Abroad,Growing in India at a slower pace,,5.0,5.0,,5.0,5.0,5.0,5.0,4.2
Hilton,16 October 2019, Development,,Current Employee ,"""Hi""",I have been working at Hilton full-time,Helpful,Good infrastructure.... nice place to work,Nothing to say. Every thing is good,,,,,,,,3.0,4.2
Hilton,14 September 2019, Food and Beverage Supervisor,Agara Sarjapura Road ORR,Former Employee ,"""Best""",I worked at Hilton full-time for more than 3 years,Helpful (1),Best environment good culture friendly staff,Never over friendly to any one,Best handling manager's,5.0,5.0,,5.0,5.0,5.0,5.0,4.2
Hilton,29 July 2019, Legal Assistant,Chennai,Current Employee ,"""legal assist""",I have been working at Hilton full-time for more than 3 years,Helpful,"Can Learn about NCLT
Negotiable Instrument aspect
Arbitration",Little Exposure but Corporate Exposure Level has to be attained,It can Form a Law Form and can make it a Corporate Level Sector,5.0,5.0,,5.0,5.0,5.0,5.0,4.2
Hilton,26 July 2019, Executive Chef,Mumbai,Current Employee ,"""Executive chef""",I have been working at Hilton full-time for more than 8 years,Helpful,Looking forward for growth in furture,Gaining more knowledge and want to learn more,,4.0,4.0,,5.0,5.0,5.0,5.0,4.2
Hilton,17 July 2019, Front Office Executive,Pune City,Former Employee ,"""Best Hotel Brand to work for""",I worked at Hilton full-time for more than 3 years,Helpful,"People, culture, policy & Process",Nothing. Everything is amazing in Hilton,Keep up the good work,5.0,5.0,,5.0,5.0,5.0,5.0,4.2
Hilton,13 July 2019, Food and Beverage Supervisor,Chennai,Former Employee ,"""Food and Beverage Executive""",I worked at Hilton full-time for more than 3 years,Helpful (1),Standards of their brand name,Some of not qualified HR dept,They can take advice of their entry level staff(associates) for giving promotion for entry level in management if they are in decision of promoting someone.,5.0,5.0,,5.0,5.0,5.0,5.0,4.2
Hilton,13 June 2019, Anonymous Employee,,Current Employee ,"""Safety and Security Manager""",I have been working at Hilton full-time,Helpful,It helps you maintain a work life balance,Less growth options available locally,,4.0,3.0,,2.0,3.0,3.0,4.0,4.2
Hilton,6 June 2019, Head Waitress,,Current Employee ,"""As it is a renounced Hotel in the world.""",I have been working at Hilton full-time for more than 5 years,Helpful,12 years working experience in 5 star Hotel in Bhutan,I have not worked and applied for job in aboard,"I shall be grateful, if your good company could allow me to work in your good team.",5.0,4.0,,5.0,5.0,4.0,4.0,4.2
Hilton,15 May 2019, Coordinator HWS India,"Gurgaon, Haryana",Current Employee ,"""Best Place to work""",I have been working at Hilton full-time for more than a year,Helpful,"Challenging Job, Learning , report directly to Vice President Commercial India",Growth at Corporate office is stagnant,,5.0,5.0,,4.0,5.0,5.0,5.0,4.2
Hilton,4 May 2019, Sales Executive,Pune,Former Employee ,"""Sales Executive""",I worked at Hilton full-time for less than a year,Helpful,"- Good work Culture
- Wonderful property
- Extensive learning opportunities",- Work life balance could have been improved slightly,,4.0,5.0,,5.0,4.0,5.0,5.0,4.2
Hilton,15 May 2019, Anonymous Employee,,Former Employee ,"""Review""",I worked at Hilton full-time,Helpful,Good working environment and staff,Less salary and no drives conducted,,,,,,,,4.0,4.2
Hilton,19 April 2019, Hotel Management,Pune,Current Employee ,"""Front Office""",I have been working at Hilton full-time for more than a year,Helpful,Hilton Brand they have 5000 and more hotel across the world,Nothing to say.Eveything is good,Nothing to say,5.0,4.0,,4.0,4.0,4.0,4.0,4.2
Hilton,23 March 2019, Bartender,South Goa,Current Employee ,"""good beach side property""",I have been working at Hilton part-time for more than 3 years,Helpful,i like to work on the beach side,sometimes miss communication with whom though don't know how to speak english no more,duty timings,5.0,4.0,,4.0,3.0,5.0,3.0,4.2
Hilton,7 March 2019, Anonymous Employee,,Former Employee ,"""Nice company to work with""",I worked at Hilton full-time,Helpful,"good working environment, nice people",there are no cons from,,4.0,4.0,,4.0,4.0,4.0,5.0,4.2
Hilton,10 March 2019, Food and Beverage Associate,Chennai,Former Employee ,"""Over all experience""",I worked at Hilton full-time for more than a year,Helpful,"Colleagues, Environment, Entertainment and Training",No work life balance and long working hours,Do something on long working hours,3.0,5.0,,5.0,4.0,4.0,4.0,4.2
Hilton,19 February 2019," I Am Banquet Executive Who IS Handling Social, Corporate Events","Jaipur, Rajasthan",Current Employee ,"""Hotel management graduate with 4 year industry experience with Hilton jaipur""",I have been working at Hilton full-time for more than 3 years,Helpful,Great place to work with good environment,Sometime there is timing issues about duty hours,,5.0,5.0,,5.0,5.0,5.0,5.0,4.2
Hilton,13 February 2019, Anonymous Employee,,Former Employee ,"""Front office manager""",I worked at Hilton full-time,Helpful,Leader in the industry. Expanding in India.,Long working hours but that's happening almost every where in the industry.,Nothing in particular.,2.0,5.0,,5.0,4.0,5.0,5.0,4.2
Hilton,8 February 2019, Events & Banquets Operations Manager,Cochin,Current Employee ,"""Events & banquets operations manager""",I have been working at Hilton full-time for more than 10 years,Helpful,Looking for exposure out of India to see the real culture to learn,Not worked yet but got some really good reasons to work with,Be you company really takes care of the employees,5.0,4.0,,5.0,5.0,5.0,5.0,4.2
Hilton,10 January 2019, Anonymous Employee,,Current Employee ,"""Asst. Account Manager""",I have been working at Hilton full-time,Helpful,The work culture of Hilton is good. It is employee oriented,No cons that I have come accross,,4.0,5.0,,4.0,4.0,3.0,5.0,4.2
Hilton,11 February 2019, Operations Associate,Chennai,Current Employee ,"""Poor Management""",I have been working at Hilton full-time for less than a year,Helpful,"Brand name Hilton.
Part of a Global company.","Hilton has not been successful in India, owing to the teams who run it, right from country heads.
Novice Management, scared to take decisions. 
Support from top management is weak. 
Poor maintenance of working equipments.
Low inventory numbers.","Work on your high attrition rates.
Department heads stop faking and get into th grooves of operations. 
Start listening, its important operations head does it. 
End of the month, look at long working hours of each individual. 
Ensure everyone gets their assigned of days, thse are not only made for management. Look at EoM. HR should pay genuine and close attention.",1.0,1.0,,1.0,1.0,1.0,1.0,4.2
Hilton,2 December 2018, Food and Beverage Supervisor,Bangalore,Former Employee ,"""food and beverage superviser""",I worked at Hilton full-time for more than 8 years,Helpful,in Hilton i started my journey and its priceless experience i learn lot from hilton hotel now im standing as f& b supervisor,all k nothing negativity thanks,nothing to advice they are leaders we follow their decision,4.0,5.0,,3.0,4.0,3.0,5.0,4.2
Hilton,29 November 2018, DCDP,New Delhi,Current Employee ,"""Commi chef""",I have been working at Hilton full-time for more than a year,Helpful,One of the most popular hospitality brand in the globe,Great bench mark for the career,,5.0,5.0,,5.0,5.0,5.0,5.0,4.2
Hilton,26 October 2018,,,,"""Blessed to work there""",I worked at Hilton,Helpful,Worth working with hilton worldwide,Nothing I found yet according to me,,,,,,,,5.0,4.2
Hilton,13 November 2018, Highway Engineer,Mumbai,Current Employee ,"""Na""",I have been working at Hilton full-time for more than a year,Helpful,Not good at all don't join,Not a good company to work,Na,1.0,1.0,,2.0,1.0,1.0,1.0,4.2
Hilton,22 October 2018,,Bangalore,,"""Conrad, Bengaluru""",I worked at Hilton for less than a year,Helpful,Good workplace. Very nice place for a fresher to start with,Low salary compared to other hotels,,2.0,4.0,,5.0,3.0,2.0,3.0,4.2
Hilton,27 September 2018, Senior Sales Manager,Pune,Current Employee ,"""Senior Sales Manager""",I have been working at Hilton full-time for more than a year,Helpful,"good growth prospects, huge network","not good sales commission, variable pay",no advise,3.0,4.0,,3.0,3.0,4.0,4.0,4.2
Hilton,7 September 2018," Near U S Consulate Lane,",Ahmedabad,Current Employee ,"""Purchase Manager""",I have been working at Hilton full-time for more than 3 years,Helpful,"Change the place to learn some thing new, growth my personal carrier as well as salary part also. Hilton is the best group in world wide , so mostly his working environment is so good.",every time working with honesty.,,5.0,4.0,,5.0,5.0,4.0,4.0,4.2
Hilton,17 August 2018, Computer Systems Analyst,"Jaipur, Rajasthan",Former Employee ,"""I have four Months experience for this job.""",I worked at Hilton full-time for less than a year,Helpful,Is necessary me for post,Seeking a challenging career making.,The work environment of the company is very good.,5.0,5.0,,4.0,5.0,5.0,4.0,4.2
Hilton,1 August 2018, Anonymous Employee,,Current Employee ,"""Security manager""",I have been working at Hilton full-time for more than 5 years,Helpful,Good environment with good management team,Nothing all good all goood alll good,Care of employees with care culture,,,,5.0,5.0,,5.0,4.2
Hilton,31 July 2018, Anonymous Employee,,Current Employee ,"""Marketing""",I have been working at Hilton full-time,Helpful,Good for freshers at beginning,Bad hr and really bad management,,,,,,,,4.0,4.2
Hilton,26 June 2018, HR,Pune,Current Employee ,"""HR Executive""",I have been working at Hilton full-time for more than a year,Helpful,"Values, Brand Pillars, Standards, Promises,","nothing, everything is good in Hilton.",. . . . . .,4.0,5.0,,4.0,5.0,4.0,5.0,4.2
Hilton,13 June 2018, Food and Beverage Executive,Bangalore,Current Employee ,"""Food and beverage executive""",I have been working at Hilton full-time for more than 8 years,Helpful,"Good place to work, nice career growth",Nothing to say about bad,Nothing to say about management,4.0,4.0,,4.0,4.0,4.0,5.0,4.2
Hilton,18 June 2018, Food and Beverage Associate,Mumbai,Current Employee ,"""Good service on booming""",I have been working at Hilton full-time for more than a year,Helpful,Want to start a good career,Nothing to say it's good hotel,Nothing much,4.0,4.0,,4.0,4.0,4.0,4.0,4.2
Hilton,27 May 2018, Anonymous Employee,,Current Employee ,"""Opportunities""",I have been working at Hilton full-time,Helpful,"1. Room for growth
2. Driven towards goal
3. Resources
4. Global outreach
5. Clear strategy","1. Still settling in some regions
2. Management style differs as per geography",,4.0,5.0,,4.0,4.0,4.0,4.0,4.2
Hilton,8 March 2018, Waiter,New Delhi,Current Employee ,"""I need a job for steward in cruise""",I have been working at Hilton full-time for less than a year,Helpful,Standard of work plus brand,Not satisfied with the salary,Increment in salary,3.0,5.0,,3.0,3.0,5.0,3.0,4.2
Hilton,31 January 2018, Anonymous Employee,Mumbai,Current Employee ,"""Cultured Brand""",I have been working at Hilton full-time for more than a year,Helpful,"Team member travel program 
Rich standards
Brand name
Corporate guidelines","Owners interference at property level
Dilution of standards from property to property
Pay is lesser than competition","Transparency at property level
Better succession plan
More quality check at property level",5.0,3.0,,4.0,2.0,3.0,3.0,4.2
Hilton,21 December 2017, Security Executive,"Gurgaon, Haryana",Current Employee ,"""Security officer""",I have been working at Hilton full-time for less than a year,Helpful,"Reputed Brand, Friendly staff, Great learning, Good thoughts about staff wellfare",low CTC but High service charge,Think about staff wellfare,5.0,5.0,,5.0,4.0,4.0,5.0,4.2
Hilton,20 November 2017, Anonymous Employee,,Current Employee ,"""Hotel Leader""",I have been working at Hilton full-time,Helpful (1),"Great Benefits.
Mediocre compensation.
Invests in developing and engaging the talent pool.
The Company in general is brilliant for the lower strata of employees but very turbulent way up.","Extremely Turbulent in terms of senior leadership for India and the individual hotel leadership teams.
The company has worldwide presence but inter country transfers are extremely rare.
The Company in general is brilliant for the lower strata of employees but very turbulent way up.","Need to stabilize the company in India, way too many changes in senior leadership across the units and also at the regional corporate structure.",4.0,1.0,,1.0,4.0,1.0,2.0,4.2
Hilton,10 November 2017, Team Member,Thiruvananthapuram,Current Employee ,"""Team member""",I have been working at Hilton full-time for more than a year,Helpful,Its a world wide company and I can improve my career here.,"All good, nothing bad. Management is good, Need to manage staffing",Good,3.0,5.0,,3.0,4.0,3.0,4.0,4.2
Hilton,25 October 2017, Conference and Events Manager,Bangalore,Current Employee ,"""Conference and Events Manager""",I have been working at Hilton full-time for more than 3 years,Helpful,"Empowering for employees 
Flexibility in work hours","Very disorganized 
Not recommended for freshers",,2.0,3.0,,3.0,3.0,3.0,3.0,4.2
Hilton,23 August 2017, Anonymous Employee,,Current Employee ,"""bellboy""",I have been working at Hilton full-time,Helpful,"hard working , responsible, leadership qualities, Positive attitude and communication skills, Ability to work flexible hours, under pressure","workaholic, slow in working but neat in doing",i want a job,5.0,5.0,,4.0,4.0,4.0,4.0,4.2
Hilton,17 July 2017, Anonymous Employee,,Former Employee ,"""Housekeeping executive""",I worked at Hilton full-time for more than 3 years,Helpful,Hilton have good opportunity to review the best life goal,Hilton Hotel are best fast growing up industry in World,Top level management are very helpfulness,4.0,5.0,,5.0,5.0,5.0,4.0,4.2
Hilton,21 July 2017, Anonymous Employee,,Former Employee ,"""If you care for your career, don't join this company. An honest opinion""",I worked at Hilton full-time,Helpful,Don't join Hilton India. If you care for your career. There are numerous companies that you can go for,"I worked at a place where I was literally harassed by a female hod. Not only me, the whole team then. She was the lowest rated hod of all time. During this feedback time I never even said anything about her. But everyone knew she was crazy everyone I meet tells me she is a horrible person to work with and yet she is in a leading position now. The people who are hired in Hilton north india side have no basic humanity in them.",I would advise you to take a closer look at how people have been operating since it's and up coming brand in India and you want honest people working for you. Not people who torture kids.,2.0,3.0,,1.0,2.0,1.0,1.0,4.2
Hilton,, Front Office Manager,,Former Employee ,"""Great Organization""",I worked at Hilton full-time,Helpful (2),Great team environment and opportunities for advancement.,"If not working for a corporate owned or managed property, you will be subject to owners that may not invest in the property in a way that would help the guest and employee experience.",,5.0,5.0,,5.0,4.0,5.0,5.0,4.2
Hilton,22 November 2020, Security Officer,Bangalore Rural,Current Employee ,"""Working as Security and Safety executive""",I have been working at Hilton full-time,Helpful,"I am working as a security and safety executive at Conrad Bengaluru, hotel by Hilton. it is a very friendly environment for working and high standard hospitality service for staff and to the guests .",Yes you have to work on all shifts in a day as per requirement.,oks,2.0,4.0,4.0,4.0,4.0,2.0,5.0,4.2
Hilton,15 November 2020, Hair Dresser/Stylist/Barber,Pune,Current Employee ,"""Great Compony""",I have been working at Hilton full-time,Helpful,"I Started work with hilton 2017 
i learn alot of about luxury standrad in hotel industury 
 thankyou so much",Learnt So Much From This Compony,,4.0,4.0,4.0,5.0,5.0,4.0,5.0,4.2
Hilton,7 November 2020, Account Manager,"Gurgaon, Haryana",Former Employee ,"""One of the best places to work""",I worked at Hilton full-time for more than a year,Helpful,Overall work culture and environment is healthy.,Growing within India hence very few hotels currently operating.,,,,,,,,5.0,4.2
Hilton,2 November 2020, Admistration,Chennai,Current Employee ,"""Great place to learn""",I have been working at Hilton full-time for more than a year,Helpful,"Learning opportunities
Career growth
Management
Friendly work culture","Poor Salary
Employment benefits not great
Hard to manage work-life balance",,2.0,5.0,5.0,5.0,2.0,5.0,3.0,4.2
Hilton,12 October 2020, Human Resources Coordinator (HR Coordinator),Bangalore,Current Employee ,"""Human Resources""",I have been working at Hilton full-time,Helpful,prove · proud · proof · probe · proxy · prone,"The One
The Right to vote
The Place to be
The Prefect World
The Reason Why",Great Value Company,5.0,5.0,5.0,5.0,5.0,5.0,5.0,4.2
Hilton,23 October 2020, Executive Assistant,Mumbai,Current Employee ,"""Great place to work""",I have been working at Hilton full-time for more than a year,Helpful,Good place to work there,Nothing as such all is good,Nothing,5.0,4.0,4.0,4.0,4.0,2.0,4.0,4.2
Hilton,18 September 2020, F/B Executive,Bangalore Rural,Former Employee ,"""Review""",I worked at Hilton full-time for more than 3 years,Helpful,The team was best ever,I didn't like the management,Specially in Hilton Bangalore embassy golf links they used to force me and my team to work more than 12 to 18 hours every day and they were not paying anything extra for over time which is totally wrong and a crime.,1.0,3.0,,3.0,1.0,1.0,4.0,4.2
Hilton,12 September 2020, Assistant Manager ,Pune,Former Employee ,"""Conrad Pune- luxury""",I worked at Hilton full-time for less than a year,Helpful,"Great work ethic
Staff engagement 
Best coach from the industry",12 hours of work minimum,,4.0,5.0,,5.0,4.0,4.0,4.0,4.2
Hilton,6 September 2020, Commi Chef,"Jaipur, Rajasthan",Current Employee ,"""Good company to work in""",I have been working at Hilton full-time,Helpful (1),Great experience to work in,Too hectic at times really,,,,,,,,4.0,4.2
Hilton,17 August 2020, Business Development Associate,Bangalore,Current Employee ,"""One of the best companies to work with""",I have been working at Hilton full-time for more than a year,Helpful,Management is super friendly and is always ready to guide you through.,lack of transparency in decisions taken.,I would recommend managament to focus more on employee trainings.,4.0,5.0,,4.0,4.0,4.0,4.0,4.2
Hilton,29 July 2020, Restaurant Manager,Bangalore,Current Employee ,"""Goods""",I have been working at Hilton full-time,Helpful,Amazing place to work with,Nothing bad about this company,Superb comonay,5.0,5.0,,5.0,5.0,5.0,5.0,4.2
Hilton,18 June 2020, H R Business Partner,Bangalore,Current Employee ,"""Great place to work""",I have been working at Hilton full-time,Helpful,all good no complaints to mention,nothing good place to work,,,,,,,,5.0,4.2
Hilton,9 February 2020, Guest Service Agent,Bangalore,Current Employee ,"""A Good place to work for all!""",I have been working at Hilton full-time for less than a year,Helpful,"Environment, Culture, Benefits , great place to learn!",None till I left Working!,,2.0,5.0,,4.0,4.0,4.0,5.0,4.2
Hilton,30 January 2020, Sales Manager,Pune,Former Employee ,"""Nice place to work""",I worked at Hilton full-time for less than a year,Helpful,"Good Learning
Good Management
Good Team
All other things are good",Salary is Less and training also,Please work on Salary,3.0,4.0,,4.0,3.0,4.0,4.0,4.2
Hilton,30 January 2020,,,,"""Hilton management trainee""",I worked at Hilton,Helpful,"The interview was good it was a smooth process ,first was the campus round where I got selected it was just an extempore then the second round was at hotel it was about group discussion, personal interview. Then there is an SHL TEST (logical reasoning)
That's it the HR and department heads were really humble",I didn't got a call back after SHL round and there was no mail or any contact from them about the results,,4.0,5.0,,4.0,3.0,3.0,2.0,4.2
Hilton,14 January 2020, Assistant Front Office Manager,Bangalore,Current Employee ,"""Assistant Front Office Manager""",I have been working at Hilton full-time for more than 3 years,Helpful,"Learning Development, Brand Exposure, Team Effort, Innovative, Global Perspective","Mobility, Remuneration, Development, Work Life Balance, Boss Management",,1.0,2.0,,3.0,3.0,1.0,5.0,4.2
Hilton,2 January 2020, Anonymous Employee,,Current Employee ,"""Cluster revenue manager""",I have been working at Hilton full-time,Helpful,Flexibility and changes of growth in the company,Nothing so far that have come across,,,,,,,,4.0,4.2
Hilton,8 December 2019, Guest Services Agent,Pune,Former Employee ,"""Perfect stepping stone into hospitality""",I worked at Hilton full-time for more than a year,Helpful,"Work environment, team building, potential oriented",None experienced during entire tenure,,3.0,5.0,,5.0,5.0,4.0,5.0,4.2
Hilton,30 November 2019, F and B Agent,Bangalore,Current Employee ,"""EXECELLENT""",I have been working at Hilton full-time for more than a year,Helpful,Its a such a good place to work with good leaders and good team members,there is no downside of this company,,4.0,5.0,,5.0,5.0,5.0,5.0,4.2
Hilton,11 November 2019, Anonymous Employee,,Former Employee ,"""Great Culture and Vision""",I worked at Hilton full-time,Helpful,"Fantastic CEO and work culture that motivates you to be the best you can be. The company cares for its team members and is focused on ongoing training, development and providing work-life balance.",Needs to empower junior team members more.,,5.0,5.0,,5.0,5.0,4.0,5.0,4.2
Hilton,18 November 2019, Anonymous Employee,Chennai,Current Employee ,"""Commercial Director""",I have been working at Hilton full-time for more than 3 years,Helpful,It has advance tools superior to competition help you make sound business decisions,Doesnt have large presence in India at the moment,,3.0,3.0,,4.0,4.0,3.0,4.0,4.2
Hilton,, Front Office Manager,,Former Employee ,"""Great Organization""",I worked at Hilton full-time,Helpful (2),Great team environment and opportunities for advancement.,"If not working for a corporate owned or managed property, you will be subject to owners that may not invest in the property in a way that would help the guest and employee experience.",,5.0,5.0,,5.0,4.0,5.0,5.0,4.2
Hilton,22 November 2020, Security Officer,Bangalore Rural,Current Employee ,"""Working as Security and Safety executive""",I have been working at Hilton full-time,Helpful,"I am working as a security and safety executive at Conrad Bengaluru, hotel by Hilton. it is a very friendly environment for working and high standard hospitality service for staff and to the guests .",Yes you have to work on all shifts in a day as per requirement.,oks,2.0,4.0,4.0,4.0,4.0,2.0,5.0,4.2
Hilton,15 November 2020, Hair Dresser/Stylist/Barber,Pune,Current Employee ,"""Great Compony""",I have been working at Hilton full-time,Helpful,"I Started work with hilton 2017 
i learn alot of about luxury standrad in hotel industury 
 thankyou so much",Learnt So Much From This Compony,,4.0,4.0,4.0,5.0,5.0,4.0,5.0,4.2
Hilton,7 November 2020, Account Manager,"Gurgaon, Haryana",Former Employee ,"""One of the best places to work""",I worked at Hilton full-time for more than a year,Helpful,Overall work culture and environment is healthy.,Growing within India hence very few hotels currently operating.,,,,,,,,5.0,4.2
Hilton,2 November 2020, Admistration,Chennai,Current Employee ,"""Great place to learn""",I have been working at Hilton full-time for more than a year,Helpful,"Learning opportunities
Career growth
Management
Friendly work culture","Poor Salary
Employment benefits not great
Hard to manage work-life balance",,2.0,5.0,5.0,5.0,2.0,5.0,3.0,4.2
Hilton,12 October 2020, Human Resources Coordinator (HR Coordinator),Bangalore,Current Employee ,"""Human Resources""",I have been working at Hilton full-time,Helpful,prove · proud · proof · probe · proxy · prone,"The One
The Right to vote
The Place to be
The Prefect World
The Reason Why",Great Value Company,5.0,5.0,5.0,5.0,5.0,5.0,5.0,4.2
Hilton,23 October 2020, Executive Assistant,Mumbai,Current Employee ,"""Great place to work""",I have been working at Hilton full-time for more than a year,Helpful,Good place to work there,Nothing as such all is good,Nothing,5.0,4.0,4.0,4.0,4.0,2.0,4.0,4.2
Hilton,18 September 2020, F/B Executive,Bangalore Rural,Former Employee ,"""Review""",I worked at Hilton full-time for more than 3 years,Helpful,The team was best ever,I didn't like the management,Specially in Hilton Bangalore embassy golf links they used to force me and my team to work more than 12 to 18 hours every day and they were not paying anything extra for over time which is totally wrong and a crime.,1.0,3.0,,3.0,1.0,1.0,4.0,4.2
Hilton,12 September 2020, Assistant Manager ,Pune,Former Employee ,"""Conrad Pune- luxury""",I worked at Hilton full-time for less than a year,Helpful,"Great work ethic
Staff engagement 
Best coach from the industry",12 hours of work minimum,,4.0,5.0,,5.0,4.0,4.0,4.0,4.2
Hilton,6 September 2020, Commi Chef,"Jaipur, Rajasthan",Current Employee ,"""Good company to work in""",I have been working at Hilton full-time,Helpful (1),Great experience to work in,Too hectic at times really,,,,,,,,4.0,4.2
